Sheet / c?t,H??ng d?n
Ph?m vi,"Template so?n to?n b? gi?o tr?nh: kh?a h?c, b?i h?c, ch? ??, t? v?ng, ngh?a, v? d?, ng? ph?p v? quiz. Sheet nh?p li?u tr?ng, kh?ng c? d? li?u demo."
ID,M?i id l? UUID ri?ng. D?ng l?i ??ng UUID ?? trong kh?a ngo?i. TopicVocabularies kh?ng c? id ri?ng; kh?a ch?nh l? c?p topic_id + vocabulary_id.
Th? t? nh?p,Courses ? Lessons ? Topics ? Vocabularies ? VocabularyMeanings / TopicVocabularies / VocabularyExamples ? GrammarPoints ? GrammarExamples ? Quizzes ? QuizQuestions ? QuizAnswers.
Courses / Lessons,Lessons.course_id tr? Courses.id. M?t kh?a h?c c? nhi?u b?i h?c; order_no d?ng ?? s?p x?p.
Topics,Topics.lesson_id tr? Lessons.id. T? v?ng n?i v?i ch? ?? qua TopicVocabularies; ng? ph?p c? th? tham chi?u lesson_id v? topic_id.
Vocabularies,"word_type nh?n NOUN, VERB, I_ADJECTIVE, NA_ADJECTIVE, ADVERB, PRONOUN, PARTICLE, CONJUNCTION ho?c EXPRESSION. JLPT l? N5?N1."
VocabularyMeanings,M?i d?ng l? m?t ngh?a/ng?n ng?; vocabulary_id tr? Vocabularies.id. language v? d? vi ho?c en.
TopicVocabularies,B?ng n?i topic v? vocabulary nhi?u-nhi?u; kh?ng l?p c?ng c?p ID.
VocabularyExamples,C?u v? d? t? v?ng; vocabulary_id tr? Vocabularies.id.
GrammarPoints,"C? th? g?n lesson_id v?/ho?c topic_id. JLPT v? jlpt_level l? hai c?t ri?ng; API ng? ph?p d?ng jlpt_level. example_sentences l? JSON array, m?i ph?n t? d?ng {""jp"":""c?u Nh?t"",""vi"":""d?ch Vi?t"",""audio_url"":""URL ho?c r?ng""}."
GrammarExamples,B?ng v? d? ri?ng trong database. API ng? ph?p hi?n d?ng JSON example_sentences trong GrammarPoints; th??ng c? th? b? tr?ng sheet n?y n?u nh?p qua API.
Quizzes,Quiz thu?c m?t Topic qua topic_id.
QuizQuestions,C?u h?i thu?c Quiz qua quiz_id.
QuizAnswers,??p ?n thu?c c?u h?i qua question_id; is_correct l? TRUE/FALSE.
? tr?ng,"C?c ? tr?ng t??ng ?ng NULL/kh?ng g?i tr??ng. created_at, updated_at, deleted_at c? th? ?? tr?ng n?u kh?ng c?n nh?p."
L?u ? import,"??y l? file so?n n?i dung theo schema, ch?a c? ch??ng tr?nh import. Ghi tr?c ti?p DB c?n UUID h?p l?, enum h?p l?, kh?a ngo?i t?n t?i v? nh?p ??ng th? t?."
